{
    "parent": "item/emerald",
    "display": {
    	"thirdperson_righthand": {
            "scale": [ 0.1111111111111111111111111111111111, 0.1111111111111111111111111111111111, 0.1111111111111111111111111111111111 ]
        }, 
    	"thirdperson_lefthand": {
            "scale": [ 0.1111111111111111111111111111111111, 0.1111111111111111111111111111111111, 0.1111111111111111111111111111111111 ]
        }, 
    	"firstperson_righthand": {
            "scale": [ 0.1111111111111111111111111111111111, 0.1111111111111111111111111111111111, 0.1111111111111111111111111111111111 ]
        }, 
    	"firstperson_lefthand": {
            "scale": [ 0.1111111111111111111111111111111111, 0.1111111111111111111111111111111111, 0.1111111111111111111111111111111111 ]
        }, 
    	"gui": {
            "scale": [ 0.1111111111111111111111111111111111, 0.1111111111111111111111111111111111, 0.1111111111111111111111111111111111 ]
        }, 
    	"head": {
            "scale": [ 0.1111111111111111111111111111111111, 0.1111111111111111111111111111111111, 0.1111111111111111111111111111111111 ]
        }, 
    	"ground": {
            "scale": [ 0.1111111111111111111111111111111111, 0.1111111111111111111111111111111111, 0.1111111111111111111111111111111111 ]
        },
    	"fixed": {
            "scale": [ 0.1111111111111111111111111111111111, 0.1111111111111111111111111111111111, 0.1111111111111111111111111111111111 ]
        }
    }
}